<?xml version="1.0"?>
<opencv_storage>
<cascade>
  <stageType>BOOST</stageType>
  <featureType>HAAR</featureType>
  <height>20</height>
  <width>20</width>
  <stageParams>
    <boostType>GAB</boostType>
    <minHitRate>9.9500000476837158e-01</minHitRate>
    <maxFalseAlarm>5.0000000000000000e-01</maxFalseAlarm>
    <weightTrimRate>9.4999999999999996e-01</weightTrimRate>
    <maxDepth>1</maxDepth>
    <maxWeakCount>100</maxWeakCount></stageParams>
  <featureParams>
    <maxCatCount>0</maxCatCount>
    <featSize>1</featSize>
    <mode>BASIC</mode></featureParams>
  <stageNum>19</stageNum>
  <stages>
    <!-- stage 0 -->
    <_>
      <maxWeakCount>1</maxWeakCount>
      <stageThreshold>9.8320996761322021e-01</stageThreshold>
      <weakClassifiers>
        <_>
          <internalNodes>
            0 -1 5 -1.4442849904298782e-02</internalNodes>
          <leafValues>
            9.8320996761322021e-01 -9.7637391090393066e-01</leafValues></_></weakClassifiers></_>
    <!-- stage 1 -->
    <_>
      <maxWeakCount>3</maxWeakCount>
      <stageThreshold>-1.7652207612991333e-01</stageThreshold>
      <weakClassifiers>
        <_>
          <internalNodes>
            0 -1 12 -8.9656077325344086e-03</internalNodes>
          <leafValues>
            9.4073212146759033e-01 -4.5720249414443970e-01</leafValues></_>
        <_>
          <internalNodes>
            0 -1 28 1.1524541676044464e-01</internalNodes>
          <leafValues>
            -4.4136565923690796e-01 9.3325370550155640e-01</leafValues></_>
        <_>
          <internalNodes>
            0 -1 41 1.8877915572375059e-03</internalNodes>
          <leafValues>
            -6.4218503236770630e-01 7.2204607725143433e-01</leafValues></_></weakClassifiers></_>
    <!-- stage 2 -->
    <_>
      <maxWeakCount>3</maxWeakCount>
      <stageThreshold>-2.0846982300281525e-01</stageThreshold>
      <weakClassifiers>
        <_>
          <internalNodes>
            0 -1 0 -2.2628277074545622e-03</internalNodes>
          <leafValues>
            8.9319854974746704e-01 -5.9452342987060547e-01</leafValues></_>
        <_>
          <internalNodes>
            0 -1 36 5.1771458238363266e-03</internalNodes>
          <leafValues>
            -5.9609293937683105e-01 8.2994365692138672e-01</leafValues></_>
        <_>
          <internalNodes>
            0 -1 18 2.5769296288490295e-01</internalNodes>
          <leafValues>
            -3.7431502342224121e-01 9.8214650154113770e-01</leafValues></_></weakClassifiers></_>
    <!-- stage 3 -->
    <_>
      <maxWeakCount>3</maxWeakCount>
      <stageThreshold>8.4144286811351776e-03</stageThreshold>
      <weakClassifiers>
        <_>
          <internalNodes>
            0 -1 2 -1.2893244624137878e-01</internalNodes>
          <leafValues>
            8.3752667903900146e-01 -5.2839505672454834e-01</leafValues></_>
        <_>
          <internalNodes>
            0 -1 19 2.9238653182983398e-01</internalNodes>
          <leafValues>
            -3.6947435140609741e-01 9.6205079555511475e-01</leafValues></_>
        <_>
          <internalNodes>
            0 -1 4 -3.7398873828351498e-03</internalNodes>
          <leafValues>
            9.0628385543823242e-01 -3.3581689000129700e-01</leafValues></_></weakClassifiers></_>
    <!-- stage 4 -->
    <_>
      <maxWeakCount>6</maxWeakCount>
      <stageThreshold>-4.2248228192329407e-01</stageThreshold>
      <weakClassifiers>
        <_>
          <internalNodes>
            0 -1 9 8.3481557667255402e-03</internalNodes>
          <leafValues>
            -3.7733271718025208e-01 8.8935589790344238e-01</leafValues></_>
        <_>
          <internalNodes>
            0 -1 1 -1.2922582216560841e-02</internalNodes>
          <leafValues>
            7.9165810346603394e-01 -6.5686923265457153e-01</leafValues></_>
        <_>
          <internalNodes>
            0 -1 20 2.9204308986663818e-01</internalNodes>
          <leafValues>
            -3.8483145833015442e-01 9.7211313247680664e-01</leafValues></_>
        <_>
          <internalNodes>
            0 -1 31 -2.6841112412512302e-03</internalNodes>
          <leafValues>
            7.9936528205871582e-01 -3.5347986221313477e-01</leafValues></_>
        <_>
          <internalNodes>
            0 -1 17 1.8187892436981201e-01</internalNodes>
          <leafValues>
            -3.0375477671623230e-01 8.7240892648696899e-01</leafValues></_>
        <_>
          <internalNodes>
            0 -1 11 -2.5044262409210205e-02</internalNodes>
          <leafValues>
            5.0094062089920044e-01 -6.9346249103546143e-01</leafValues></_></weakClassifiers></_>
    <!-- stage 5 -->
    <_>
      <maxWeakCount>3</maxWeakCount>
      <stageThreshold>-1.3315281830728054e-02</stageThreshold>
      <weakClassifiers>
        <_>
          <internalNodes>
            0 -1 7 -1.2724557891488075e-02</internalNodes>
          <leafValues>
            9.3695443868637085e-01 -2.6453489065170288e-01</leafValues></_>
        <_>
          <internalNodes>
            0 -1 21 2.5247997045516968e-01</internalNodes>
          <leafValues>
            -2.4099634587764740e-01 9.9353754520416260e-01</leafValues></_>
        <_>
          <internalNodes>
            0 -1 35 7.9893722431734204e-04</internalNodes>
          <leafValues>
            6.5587919950485229e-01 -7.0927333831787109e-01</leafValues></_></weakClassifiers></_>
    <!-- stage 6 -->
    <_>
      <maxWeakCount>4</maxWeakCount>
      <stageThreshold>-9.0011864900588989e-01</stageThreshold>
      <weakClassifiers>
        <_>
          <internalNodes>
            0 -1 24 2.0841746591031551e-03</internalNodes>
          <leafValues>
            -4.6717816591262817e-01 9.3552112579345703e-01</leafValues></_>
        <_>
          <internalNodes>
            0 -1 42 7.6160123571753502e-03</internalNodes>
          <leafValues>
            -6.1689728498458862e-01 8.2000792026519775e-01</leafValues></_>
        <_>
          <internalNodes>
            0 -1 13 -9.4494540244340897e-03</internalNodes>
          <leafValues>
            6.9772255420684814e-01 -7.2573167085647583e-01</leafValues></_>
        <_>
          <internalNodes>
            0 -1 6 2.4708446860313416e-01</internalNodes>
          <leafValues>
            -5.1376569271087646e-01 9.0752989053726196e-01</leafValues></_></weakClassifiers></_>
    <!-- stage 7 -->
    <_>
      <maxWeakCount>3</maxWeakCount>
      <stageThreshold>5.5628898553550243e-03</stageThreshold>
      <weakClassifiers>
        <_>
          <internalNodes>
            0 -1 24 2.7340087108314037e-03</internalNodes>
          <leafValues>
            -4.4693446159362793e-01 9.3306308984756470e-01</leafValues></_>
        <_>
          <internalNodes>
            0 -1 29 1.7098689079284668e-01</internalNodes>
          <leafValues>
            -2.5414052605628967e-01 9.9135386943817139e-01</leafValues></_>
        <_>
          <internalNodes>
            0 -1 39 -1.5863055596128106e-03</internalNodes>
          <leafValues>
            7.0663785934448242e-01 -5.3308981657028198e-01</leafValues></_></weakClassifiers></_>
    <!-- stage 8 -->
    <_>
      <maxWeakCount>2</maxWeakCount>
      <stageThreshold>5.2154213190078735e-02</stageThreshold>
      <weakClassifiers>
        <_>
          <internalNodes>
            0 -1 30 9.7515701781958342e-04</internalNodes>
          <leafValues>
            8.2248038053512573e-01 -9.0227466821670532e-01</leafValues></_>
        <_>
          <internalNodes>
            0 -1 3 2.9166665673255920e-01</internalNodes>
          <leafValues>
            -4.9528694152832031e-01 9.5442885160446167e-01</leafValues></_></weakClassifiers></_>
    <!-- stage 9 -->
    <_>
      <maxWeakCount>2</maxWeakCount>
      <stageThreshold>8.2216918468475342e-02</stageThreshold>
      <weakClassifiers>
        <_>
          <internalNodes>
            0 -1 14 3.8569669704884291e-03</internalNodes>
          <leafValues>
            8.3655333518981934e-01 -8.3043152093887329e-01</leafValues></_>
        <_>
          <internalNodes>
            0 -1 15 1.9110655784606934e-01</internalNodes>
          <leafValues>
            -4.9989703297615051e-01 9.1264843940734863e-01</leafValues></_></weakClassifiers></_>
    <!-- stage 10 -->
    <_>
      <maxWeakCount>2</maxWeakCount>
      <stageThreshold>6.4359672367572784e-02</stageThreshold>
      <weakClassifiers>
        <_>
          <internalNodes>
            0 -1 26 9.1641843318939209e-03</internalNodes>
          <leafValues>
            9.8610335588455200e-01 -8.6615312099456787e-01</leafValues></_>
        <_>
          <internalNodes>
            0 -1 38 -8.3266885485500097e-04</internalNodes>
          <leafValues>
            -7.4452871084213257e-01 9.3051278591156006e-01</leafValues></_></weakClassifiers></_>
    <!-- stage 11 -->
    <_>
      <maxWeakCount>5</maxWeakCount>
      <stageThreshold>-8.4144419431686401e-01</stageThreshold>
      <weakClassifiers>
        <_>
          <internalNodes>
            0 -1 32 -5.3629523608833551e-04</internalNodes>
          <leafValues>
            -6.3844394683837891e-01 8.7721574306488037e-01</leafValues></_>
        <_>
          <internalNodes>
            0 -1 25 2.0702835917472839e-01</internalNodes>
          <leafValues>
            -3.9837130904197693e-01 9.9330562353134155e-01</leafValues></_>
        <_>
          <internalNodes>
            0 -1 43 1.5261304797604680e-03</internalNodes>
          <leafValues>
            -6.1242121458053589e-01 7.5054937601089478e-01</leafValues></_>
        <_>
          <internalNodes>
            0 -1 10 -4.9083055928349495e-03</internalNodes>
          <leafValues>
            7.6057350635528564e-01 -4.0536010265350342e-01</leafValues></_>
        <_>
          <internalNodes>
            0 -1 16 1.8318434059619904e-01</internalNodes>
          <leafValues>
            -3.0250734090805054e-01 9.2657130956649780e-01</leafValues></_></weakClassifiers></_>
    <!-- stage 12 -->
    <_>
      <maxWeakCount>1</maxWeakCount>
      <stageThreshold>9.6563047170639038e-01</stageThreshold>
      <weakClassifiers>
        <_>
          <internalNodes>
            0 -1 34 1.6201641410589218e-02</internalNodes>
          <leafValues>
            9.6563047170639038e-01 -9.7746783494949341e-01</leafValues></_></weakClassifiers></_>
    <!-- stage 13 -->
    <_>
      <maxWeakCount>1</maxWeakCount>
      <stageThreshold>9.4421619176864624e-01</stageThreshold>
      <weakClassifiers>
        <_>
          <internalNodes>
            0 -1 27 1.4149261638522148e-02</internalNodes>
          <leafValues>
            9.4421619176864624e-01 -9.9085712432861328e-01</leafValues></_></weakClassifiers></_>
    <!-- stage 14 -->
    <_>
      <maxWeakCount>1</maxWeakCount>
      <stageThreshold>9.4524401426315308e-01</stageThreshold>
      <weakClassifiers>
        <_>
          <internalNodes>
            0 -1 37 -2.1436799317598343e-02</internalNodes>
          <leafValues>
            -9.8635590076446533e-01 9.4524401426315308e-01</leafValues></_></weakClassifiers></_>
    <!-- stage 15 -->
    <_>
      <maxWeakCount>1</maxWeakCount>
      <stageThreshold>9.5396810770034790e-01</stageThreshold>
      <weakClassifiers>
        <_>
          <internalNodes>
            0 -1 22 3.0676074326038361e-02</internalNodes>
          <leafValues>
            9.5396810770034790e-01 -9.9888205528259277e-01</leafValues></_></weakClassifiers></_>
    <!-- stage 16 -->
    <_>
      <maxWeakCount>1</maxWeakCount>
      <stageThreshold>9.5957165956497192e-01</stageThreshold>
      <weakClassifiers>
        <_>
          <internalNodes>
            0 -1 45 6.7678421735763550e-02</internalNodes>
          <leafValues>
            9.5957165956497192e-01 -9.6428573131561279e-01</leafValues></_></weakClassifiers></_>
    <!-- stage 17 -->
    <_>
      <maxWeakCount>3</maxWeakCount>
      <stageThreshold>-5.8771538734436035e-01</stageThreshold>
      <weakClassifiers>
        <_>
          <internalNodes>
            0 -1 23 -1.6017425805330276e-02</internalNodes>
          <leafValues>
            -7.2721785306930542e-01 8.7819761037826538e-01</leafValues></_>
        <_>
          <internalNodes>
            0 -1 44 1.6506458632647991e-03</internalNodes>
          <leafValues>
            -6.8548774719238281e-01 7.7655148506164551e-01</leafValues></_>
        <_>
          <internalNodes>
            0 -1 8 -2.5967305991798639e-03</internalNodes>
          <leafValues>
            6.6354298591613770e-01 -7.8042525053024292e-01</leafValues></_></weakClassifiers></_>
    <!-- stage 18 -->
    <_>
      <maxWeakCount>2</maxWeakCount>
      <stageThreshold>-3.4727729856967926e-02</stageThreshold>
      <weakClassifiers>
        <_>
          <internalNodes>
            0 -1 33 7.7042100019752979e-04</internalNodes>
          <leafValues>
            9.2332476377487183e-01 -9.4668245315551758e-01</leafValues></_>
        <_>
          <internalNodes>
            0 -1 40 -1.3994411565363407e-03</internalNodes>
          <leafValues>
            9.1195476055145264e-01 -7.5285750627517700e-01</leafValues></_></weakClassifiers></_></stages>
  <features>
    <_>
      <rects>
        <_>
          0 0 4 7 -1.</_>
        <_>
          2 0 2 7 2.</_></rects>
      <tilted>0</tilted></_>
    <_>
      <rects>
        <_>
          0 0 4 11 -1.</_>
        <_>
          2 0 2 11 2.</_></rects>
      <tilted>0</tilted></_>
    <_>
      <rects>
        <_>
          0 0 15 8 -1.</_>
        <_>
          5 0 5 8 3.</_></rects>
      <tilted>0</tilted></_>
    <_>
      <rects>
        <_>
          0 0 11 20 -1.</_>
        <_>
          0 10 11 10 2.</_></rects>
      <tilted>0</tilted></_>
    <_>
      <rects>
        <_>
          0 0 18 2 -1.</_>
        <_>
          0 1 18 1 2.</_></rects>
      <tilted>0</tilted></_>
    <_>
      <rects>
        <_>
          0 1 15 6 -1.</_>
        <_>
          5 1 5 6 3.</_></rects>
      <tilted>0</tilted></_>
    <_>
      <rects>
        <_>
          0 1 10 18 -1.</_>
        <_>
          0 10 10 9 2.</_></rects>
      <tilted>0</tilted></_>
    <_>
      <rects>
        <_>
          0 2 4 11 -1.</_>
        <_>
          2 2 2 11 2.</_></rects>
      <tilted>0</tilted></_>
    <_>
      <rects>
        <_>
          0 3 4 14 -1.</_>
        <_>
          2 3 2 14 2.</_></rects>
      <tilted>0</tilted></_>
    <_>
      <rects>
        <_>
          0 6 20 4 -1.</_>
        <_>
          0 8 20 2 2.</_></rects>
      <tilted>0</tilted></_>
    <_>
      <rects>
        <_>
          1 0 2 5 -1.</_>
        <_>
          2 0 1 5 2.</_></rects>
      <tilted>0</tilted></_>
    <_>
      <rects>
        <_>
          1 0 6 20 -1.</_>
        <_>
          4 0 3 20 2.</_></rects>
      <tilted>0</tilted></_>
    <_>
      <rects>
        <_>
          1 3 4 7 -1.</_>
        <_>
          3 3 2 7 2.</_></rects>
      <tilted>0</tilted></_>
    <_>
      <rects>
        <_>
          1 3 4 10 -1.</_>
        <_>
          3 3 2 10 2.</_></rects>
      <tilted>0</tilted></_>
    <_>
      <rects>
        <_>
          1 4 9 3 -1.</_>
        <_>
          4 4 3 3 3.</_></rects>
      <tilted>0</tilted></_>
    <_>
      <rects>
        <_>
          2 0 6 18 -1.</_>
        <_>
          2 9 6 9 2.</_></rects>
      <tilted>0</tilted></_>
    <_>
      <rects>
        <_>
          2 1 6 16 -1.</_>
        <_>
          2 9 6 8 2.</_></rects>
      <tilted>0</tilted></_>
    <_>
      <rects>
        <_>
          2 1 18 5 -1.</_>
        <_>
          11 1 9 5 2.</_></rects>
      <tilted>0</tilted></_>
    <_>
      <rects>
        <_>
          2 1 18 7 -1.</_>
        <_>
          11 1 9 7 2.</_></rects>
      <tilted>0</tilted></_>
    <_>
      <rects>
        <_>
          2 1 12 18 -1.</_>
        <_>
          2 10 12 9 2.</_></rects>
      <tilted>0</tilted></_>
    <_>
      <rects>
        <_>
          3 0 8 20 -1.</_>
        <_>
          3 10 8 10 2.</_></rects>
      <tilted>0</tilted></_>
    <_>
      <rects>
        <_>
          3 1 16 7 -1.</_>
        <_>
          11 1 8 7 2.</_></rects>
      <tilted>0</tilted></_>
    <_>
      <rects>
        <_>
          3 2 6 2 -1.</_>
        <_>
          6 2 3 2 2.</_></rects>
      <tilted>0</tilted></_>
    <_>
      <rects>
        <_>
          3 3 6 1 -1.</_>
        <_>
          6 3 3 1 2.</_></rects>
      <tilted>0</tilted></_>
    <_>
      <rects>
        <_>
          3 7 4 4 -1.</_>
        <_>
          3 9 4 2 2.</_></rects>
      <tilted>0</tilted></_>
    <_>
      <rects>
        <_>
          4 2 6 16 -1.</_>
        <_>
          4 10 6 8 2.</_></rects>
      <tilted>0</tilted></_>
    <_>
      <rects>
        <_>
          4 3 3 2 -1.</_>
        <_>
          5 3 1 2 3.</_></rects>
      <tilted>0</tilted></_>
    <_>
      <rects>
        <_>
          5 1 3 6 -1.</_>
        <_>
          5 3 3 2 3.</_></rects>
      <tilted>0</tilted></_>
    <_>
      <rects>
        <_>
          5 1 4 16 -1.</_>
        <_>
          5 9 4 8 2.</_></rects>
      <tilted>0</tilted></_>
    <_>
      <rects>
        <_>
          5 2 5 18 -1.</_>
        <_>
          5 11 5 9 2.</_></rects>
      <tilted>0</tilted></_>
    <_>
      <rects>
        <_>
          5 4 2 1 -1.</_>
        <_>
          6 4 1 1 2.</_></rects>
      <tilted>0</tilted></_>
    <_>
      <rects>
        <_>
          6 0 14 2 -1.</_>
        <_>
          6 1 14 1 2.</_></rects>
      <tilted>0</tilted></_>
    <_>
      <rects>
        <_>
          6 2 1 6 -1.</_>
        <_>
          6 5 1 3 2.</_></rects>
      <tilted>0</tilted></_>
    <_>
      <rects>
        <_>
          6 3 1 2 -1.</_>
        <_>
          6 4 1 1 2.</_></rects>
      <tilted>0</tilted></_>
    <_>
      <rects>
        <_>
          6 3 3 3 -1.</_>
        <_>
          7 3 1 3 3.</_></rects>
      <tilted>0</tilted></_>
    <_>
      <rects>
        <_>
          6 4 2 1 -1.</_>
        <_>
          7 4 1 1 2.</_></rects>
      <tilted>0</tilted></_>
    <_>
      <rects>
        <_>
          6 7 6 4 -1.</_>
        <_>
          6 9 6 2 2.</_></rects>
      <tilted>0</tilted></_>
    <_>
      <rects>
        <_>
          7 0 2 12 -1.</_>
        <_>
          8 0 1 12 2.</_></rects>
      <tilted>0</tilted></_>
    <_>
      <rects>
        <_>
          7 4 1 4 -1.</_>
        <_>
          7 6 1 2 2.</_></rects>
      <tilted>0</tilted></_>
    <_>
      <rects>
        <_>
          7 6 12 4 -1.</_>
        <_>
          7 6 6 2 2.</_>
        <_>
          13 8 6 2 2.</_></rects>
      <tilted>0</tilted></_>
    <_>
      <rects>
        <_>
          8 4 4 12 -1.</_>
        <_>
          8 4 2 6 2.</_>
        <_>
          10 10 2 6 2.</_></rects>
      <tilted>0</tilted></_>
    <_>
      <rects>
        <_>
          9 0 6 16 -1.</_>
        <_>
          11 0 2 16 3.</_></rects>
      <tilted>0</tilted></_>
    <_>
      <rects>
        <_>
          9 2 4 18 -1.</_>
        <_>
          11 2 2 18 2.</_></rects>
      <tilted>0</tilted></_>
    <_>
      <rects>
        <_>
          9 4 4 4 -1.</_>
        <_>
          11 4 2 4 2.</_></rects>
      <tilted>0</tilted></_>
    <_>
      <rects>
        <_>
          9 4 4 5 -1.</_>
        <_>
          11 4 2 5 2.</_></rects>
      <tilted>0</tilted></_>
    <_>
      <rects>
        <_>
          14 5 6 6 -1.</_>
        <_>
          16 5 2 6 3.</_></rects>
      <tilted>0</tilted></_></features></cascade>
</opencv_storage>
