<?xml version="1.0"?>
<opencv_storage>
<stage3>
  <maxWeakCount>3</maxWeakCount>
  <stageThreshold>8.4144286811351776e-03</stageThreshold>
  <weakClassifiers>
    <_>
      <internalNodes>
        0 -1 300 -1.2893244624137878e-01</internalNodes>
      <leafValues>
        8.3752667903900146e-01 -5.2839505672454834e-01</leafValues></_>
    <_>
      <internalNodes>
        0 -1 15990 2.9238653182983398e-01</internalNodes>
      <leafValues>
        -3.6947435140609741e-01 9.6205079555511475e-01</leafValues></_>
    <_>
      <internalNodes>
        0 -1 692 -3.7398873828351498e-03</internalNodes>
      <leafValues>
        9.0628385543823242e-01 -3.3581689000129700e-01</leafValues></_></weakClassifiers></stage3>
</opencv_storage>
