<?xml version="1.0"?>
<opencv_storage>
<stage7>
  <maxWeakCount>3</maxWeakCount>
  <stageThreshold>5.5628898553550243e-03</stageThreshold>
  <weakClassifiers>
    <_>
      <internalNodes>
        0 -1 25509 2.7340087108314037e-03</internalNodes>
      <leafValues>
        -4.4693446159362793e-01 9.3306308984756470e-01</leafValues></_>
    <_>
      <internalNodes>
        0 -1 35535 1.7098689079284668e-01</internalNodes>
      <leafValues>
        -2.5414052605628967e-01 9.9135386943817139e-01</leafValues></_>
    <_>
      <internalNodes>
        0 -1 47818 -1.5863055596128106e-03</internalNodes>
      <leafValues>
        7.0663785934448242e-01 -5.3308981657028198e-01</leafValues></_></weakClassifiers></stage7>
</opencv_storage>
