<?xml version="1.0"?>
<opencv_storage>
<stage18>
  <maxWeakCount>2</maxWeakCount>
  <stageThreshold>-3.4727729856967926e-02</stageThreshold>
  <weakClassifiers>
    <_>
      <internalNodes>
        0 -1 41323 7.7042100019752979e-04</internalNodes>
      <leafValues>
        9.2332476377487183e-01 -9.4668245315551758e-01</leafValues></_>
    <_>
      <internalNodes>
        0 -1 51711 -1.3994411565363407e-03</internalNodes>
      <leafValues>
        9.1195476055145264e-01 -7.5285750627517700e-01</leafValues></_></weakClassifiers></stage18>
</opencv_storage>
