<?xml version="1.0"?>
<opencv_storage>
<stage4>
  <maxWeakCount>6</maxWeakCount>
  <stageThreshold>-4.2248228192329407e-01</stageThreshold>
  <weakClassifiers>
    <_>
      <internalNodes>
        0 -1 4375 8.3481557667255402e-03</internalNodes>
      <leafValues>
        -3.7733271718025208e-01 8.8935589790344238e-01</leafValues></_>
    <_>
      <internalNodes>
        0 -1 112 -1.2922582216560841e-02</internalNodes>
      <leafValues>
        7.9165810346603394e-01 -6.5686923265457153e-01</leafValues></_>
    <_>
      <internalNodes>
        0 -1 22207 2.9204308986663818e-01</internalNodes>
      <leafValues>
        -3.8483145833015442e-01 9.7211313247680664e-01</leafValues></_>
    <_>
      <internalNodes>
        0 -1 40353 -2.6841112412512302e-03</internalNodes>
      <leafValues>
        7.9936528205871582e-01 -3.5347986221313477e-01</leafValues></_>
    <_>
      <internalNodes>
        0 -1 15919 1.8187892436981201e-01</internalNodes>
      <leafValues>
        -3.0375477671623230e-01 8.7240892648696899e-01</leafValues></_>
    <_>
      <internalNodes>
        0 -1 7816 -2.5044262409210205e-02</internalNodes>
      <leafValues>
        5.0094062089920044e-01 -6.9346249103546143e-01</leafValues></_></weakClassifiers></stage4>
</opencv_storage>
