<?xml version="1.0"?>
<opencv_storage>
<stage8>
  <maxWeakCount>2</maxWeakCount>
  <stageThreshold>5.2154213190078735e-02</stageThreshold>
  <weakClassifiers>
    <_>
      <internalNodes>
        0 -1 36215 9.7515701781958342e-04</internalNodes>
      <leafValues>
        8.2248038053512573e-01 -9.0227466821670532e-01</leafValues></_>
    <_>
      <internalNodes>
        0 -1 595 2.9166665673255920e-01</internalNodes>
      <leafValues>
        -4.9528694152832031e-01 9.5442885160446167e-01</leafValues></_></weakClassifiers></stage8>
</opencv_storage>
