<?xml version="1.0"?>
<opencv_storage>
<stage5>
  <maxWeakCount>3</maxWeakCount>
  <stageThreshold>-1.3315281830728054e-02</stageThreshold>
  <weakClassifiers>
    <_>
      <internalNodes>
        0 -1 1538 -1.2724557891488075e-02</internalNodes>
      <leafValues>
        9.3695443868637085e-01 -2.6453489065170288e-01</leafValues></_>
    <_>
      <internalNodes>
        0 -1 22783 2.5247997045516968e-01</internalNodes>
      <leafValues>
        -2.4099634587764740e-01 9.9353754520416260e-01</leafValues></_>
    <_>
      <internalNodes>
        0 -1 41747 7.9893722431734204e-04</internalNodes>
      <leafValues>
        6.5587919950485229e-01 -7.0927333831787109e-01</leafValues></_></weakClassifiers></stage5>
</opencv_storage>
