<?xml version="1.0"?>
<opencv_storage>
<stage6>
  <maxWeakCount>4</maxWeakCount>
  <stageThreshold>-9.0011864900588989e-01</stageThreshold>
  <weakClassifiers>
    <_>
      <internalNodes>
        0 -1 25509 2.0841746591031551e-03</internalNodes>
      <leafValues>
        -4.6717816591262817e-01 9.3552112579345703e-01</leafValues></_>
    <_>
      <internalNodes>
        0 -1 55488 7.6160123571753502e-03</internalNodes>
      <leafValues>
        -6.1689728498458862e-01 8.2000792026519775e-01</leafValues></_>
    <_>
      <internalNodes>
        0 -1 9695 -9.4494540244340897e-03</internalNodes>
      <leafValues>
        6.9772255420684814e-01 -7.2573167085647583e-01</leafValues></_>
    <_>
      <internalNodes>
        0 -1 1272 2.4708446860313416e-01</internalNodes>
      <leafValues>
        -5.1376569271087646e-01 9.0752989053726196e-01</leafValues></_></weakClassifiers></stage6>
</opencv_storage>
