<?xml version="1.0"?>
<opencv_storage>
<stage2>
  <maxWeakCount>3</maxWeakCount>
  <stageThreshold>-2.0846982300281525e-01</stageThreshold>
  <weakClassifiers>
    <_>
      <internalNodes>
        0 -1 96 -2.2628277074545622e-03</internalNodes>
      <leafValues>
        8.9319854974746704e-01 -5.9452342987060547e-01</leafValues></_>
    <_>
      <internalNodes>
        0 -1 43102 5.1771458238363266e-03</internalNodes>
      <leafValues>
        -5.9609293937683105e-01 8.2994365692138672e-01</leafValues></_>
    <_>
      <internalNodes>
        0 -1 15927 2.5769296288490295e-01</internalNodes>
      <leafValues>
        -3.7431502342224121e-01 9.8214650154113770e-01</leafValues></_></weakClassifiers></stage2>
</opencv_storage>
