<?xml version="1.0"?>
<opencv_storage>
<stage1>
  <maxWeakCount>3</maxWeakCount>
  <stageThreshold>-1.7652207612991333e-01</stageThreshold>
  <weakClassifiers>
    <_>
      <internalNodes>
        0 -1 9685 -8.9656077325344086e-03</internalNodes>
      <leafValues>
        9.4073212146759033e-01 -4.5720249414443970e-01</leafValues></_>
    <_>
      <internalNodes>
        0 -1 34961 1.1524541676044464e-01</internalNodes>
      <leafValues>
        -4.4136565923690796e-01 9.3325370550155640e-01</leafValues></_>
    <_>
      <internalNodes>
        0 -1 54745 1.8877915572375059e-03</internalNodes>
      <leafValues>
        -6.4218503236770630e-01 7.2204607725143433e-01</leafValues></_></weakClassifiers></stage1>
</opencv_storage>
