<?xml version="1.0"?>
<opencv_storage>
<stage10>
  <maxWeakCount>2</maxWeakCount>
  <stageThreshold>6.4359672367572784e-02</stageThreshold>
  <weakClassifiers>
    <_>
      <internalNodes>
        0 -1 29760 9.1641843318939209e-03</internalNodes>
      <leafValues>
        9.8610335588455200e-01 -8.6615312099456787e-01</leafValues></_>
    <_>
      <internalNodes>
        0 -1 46876 -8.3266885485500097e-04</internalNodes>
      <leafValues>
        -7.4452871084213257e-01 9.3051278591156006e-01</leafValues></_></weakClassifiers></stage10>
</opencv_storage>
