<?xml version="1.0"?>
<opencv_storage>
<stage9>
  <maxWeakCount>2</maxWeakCount>
  <stageThreshold>8.2216918468475342e-02</stageThreshold>
  <weakClassifiers>
    <_>
      <internalNodes>
        0 -1 10293 3.8569669704884291e-03</internalNodes>
      <leafValues>
        8.3655333518981934e-01 -8.3043152093887329e-01</leafValues></_>
    <_>
      <internalNodes>
        0 -1 15136 1.9110655784606934e-01</internalNodes>
      <leafValues>
        -4.9989703297615051e-01 9.1264843940734863e-01</leafValues></_></weakClassifiers></stage9>
</opencv_storage>
