<?xml version="1.0"?>
<opencv_storage>
<stage17>
  <maxWeakCount>3</maxWeakCount>
  <stageThreshold>-5.8771538734436035e-01</stageThreshold>
  <weakClassifiers>
    <_>
      <internalNodes>
        0 -1 23608 -1.6017425805330276e-02</internalNodes>
      <leafValues>
        -7.2721785306930542e-01 8.7819761037826538e-01</leafValues></_>
    <_>
      <internalNodes>
        0 -1 56116 1.6506458632647991e-03</internalNodes>
      <leafValues>
        -6.8548774719238281e-01 7.7655148506164551e-01</leafValues></_>
    <_>
      <internalNodes>
        0 -1 2214 -2.5967305991798639e-03</internalNodes>
      <leafValues>
        6.6354298591613770e-01 -7.8042525053024292e-01</leafValues></_></weakClassifiers></stage17>
</opencv_storage>
