<?xml version="1.0"?>
<opencv_storage>
<stage11>
  <maxWeakCount>5</maxWeakCount>
  <stageThreshold>-8.4144419431686401e-01</stageThreshold>
  <weakClassifiers>
    <_>
      <internalNodes>
        0 -1 40862 -5.3629523608833551e-04</internalNodes>
      <leafValues>
        -6.3844394683837891e-01 8.7721574306488037e-01</leafValues></_>
    <_>
      <internalNodes>
        0 -1 29535 2.0702835917472839e-01</internalNodes>
      <leafValues>
        -3.9837130904197693e-01 9.9330562353134155e-01</leafValues></_>
    <_>
      <internalNodes>
        0 -1 56111 1.5261304797604680e-03</internalNodes>
      <leafValues>
        -6.1242121458053589e-01 7.5054937601089478e-01</leafValues></_>
    <_>
      <internalNodes>
        0 -1 7640 -4.9083055928349495e-03</internalNodes>
      <leafValues>
        7.6057350635528564e-01 -4.0536010265350342e-01</leafValues></_>
    <_>
      <internalNodes>
        0 -1 15790 1.8318434059619904e-01</internalNodes>
      <leafValues>
        -3.0250734090805054e-01 9.2657130956649780e-01</leafValues></_></weakClassifiers></stage11>
</opencv_storage>
